<?xml version='1.0' encoding='UTF-8'?>
<project name="com.tibco.sample.feature.devdocs" 
         default="assemble" 
         basedir="." >

    <target name="-make-output-directories" >
        <mkdir dir="D:\work\repo\builder\tt\output\tbuild\candidates\devtoolsbranches\huaweiSandbox\tools\common.tools.sample\2015-09-25-0107.huawei\debug\features" />
        <mkdir dir="D:\work\repo\builder\tt\output\tbuild\candidates\devtoolsbranches\huaweiSandbox\tools\common.tools.sample\2015-09-25-0107.huawei\debug\plugins" />
        <echo append="false" 
              file="D:\work\repo\builder\tt\output\tbuild\candidates\devtoolsbranches\huaweiSandbox\tools\common.tools.sample\2015-09-25-0107.huawei\debug\.eclipseextension" />
        <mkdir dir="D:\work\repo\builder\tt\output\tbuild\candidates\devtoolsbranches\huaweiSandbox\tools\common.tools.sample\2015-09-25-0107.huawei\release\eclipse\features" />
        <mkdir dir="D:\work\repo\builder\tt\output\tbuild\candidates\devtoolsbranches\huaweiSandbox\tools\common.tools.sample\2015-09-25-0107.huawei\release\eclipse\plugins" />
        <echo append="false" 
              file="D:\work\repo\builder\tt\output\tbuild\candidates\devtoolsbranches\huaweiSandbox\tools\common.tools.sample\2015-09-25-0107.huawei\release\eclipse\.eclipseextension" />
        <mkdir dir="D:\work\repo\builder\tt\output\tbuild\candidates\devtoolsbranches\huaweiSandbox\tools\common.tools.sample\2015-09-25-0107.huawei\jar\debug\features" />
        <mkdir dir="D:\work\repo\builder\tt\output\tbuild\candidates\devtoolsbranches\huaweiSandbox\tools\common.tools.sample\2015-09-25-0107.huawei\jar\debug\plugins" />
        <mkdir dir="D:\work\repo\builder\tt\output\tbuild\candidates\devtoolsbranches\huaweiSandbox\tools\common.tools.sample\2015-09-25-0107.huawei\jar\release\features" />
        <mkdir dir="D:\work\repo\builder\tt\output\tbuild\candidates\devtoolsbranches\huaweiSandbox\tools\common.tools.sample\2015-09-25-0107.huawei\jar\release\plugins" />
    </target>

    <target name="-assemble-features-*_*_*" >
        <ant antfile="build.xml" 
             dir="features\com.tibco.sample.feature.devdocs" 
             target="gather.bin.parts" >
            <property name="feature.base" 
                      location="D:\work\repo\builder\tt\output\tbuild\candidates\devtoolsbranches\huaweiSandbox\tools\common.tools.sample\2015-09-25-0107.huawei\debug" />
            <property name="os" 
                      value="*" />
            <property value="*" 
                      name="arch" />
            <property name="ws" 
                      value="*" />
        </ant>
        <zip destfile="D:\work\repo\builder\tt\output\tbuild\candidates\devtoolsbranches\huaweiSandbox\tools\common.tools.sample\2015-09-25-0107.huawei\jar\debug\features\com.tibco.sample.feature.devdocs_1.1.0.001.jar" 
             basedir="D:\work\repo\builder\tt\output\tbuild\candidates\devtoolsbranches\huaweiSandbox\tools\common.tools.sample\2015-09-25-0107.huawei\debug\features\com.tibco.sample.feature.devdocs_1.1.0.001" />
    </target>

    <target unless="express-build" 
            name="-copy-and-zip-feature" >
        <copy todir="D:\work\repo\builder\tt\output\tbuild\candidates\devtoolsbranches\huaweiSandbox\tools\common.tools.sample\2015-09-25-0107.huawei\release\eclipse\features\com.tibco.sample.feature.devdocs_1.1.0.001" >
            <fileset dir="D:\work\repo\builder\tt\output\tbuild\candidates\devtoolsbranches\huaweiSandbox\tools\common.tools.sample\2015-09-25-0107.huawei\debug\features\com.tibco.sample.feature.devdocs_1.1.0.001" />
        </copy>
        <zip basedir="D:\work\repo\builder\tt\output\tbuild\candidates\devtoolsbranches\huaweiSandbox\tools\common.tools.sample\2015-09-25-0107.huawei\release\eclipse\features\com.tibco.sample.feature.devdocs_1.1.0.001" 
             destfile="D:\work\repo\builder\tt\output\tbuild\candidates\devtoolsbranches\huaweiSandbox\tools\common.tools.sample\2015-09-25-0107.huawei\jar\release\features\com.tibco.sample.feature.devdocs_1.1.0.001.jar" />
    </target>

    <target name="-gather-bin-parts-docs.com.tibco.sample" 
            depends="-gather-bin-parts-docs.com.tibco.sample-debug-extension,
	-gather-bin-parts-docs.com.tibco.sample-debug-update,
	-gather-bin-parts-docs.com.tibco.sample-release-update,
	-gather-bin-parts-docs.com.tibco.sample-release-extension" />

    <target name="-gather-bin-parts-docs.com.tibco.sample-debug-extension" >
        <ant antfile="build.xml" 
             target="gather.bin.parts" 
             dir="plugins\docs.com.tibco.sample" >
            <property name="destination.temp.folder" 
                      location="D:\work\repo\builder\tt\output\tbuild\candidates\devtoolsbranches\huaweiSandbox\tools\common.tools.sample\2015-09-25-0107.huawei\debug\plugins" />
            <property name="os" 
                      value="*" />
            <property name="arch" 
                      value="*" />
            <property value="*" 
                      name="ws" />
        </ant>
        <zip destfile="D:\work\repo\builder\tt\output\tbuild\candidates\devtoolsbranches\huaweiSandbox\tools\common.tools.sample\2015-09-25-0107.huawei\debug\plugins\docs.com.tibco.sample_1.0.0.001.jar" 
             basedir="D:\work\repo\builder\tt\output\tbuild\candidates\devtoolsbranches\huaweiSandbox\tools\common.tools.sample\2015-09-25-0107.huawei\debug\plugins\docs.com.tibco.sample_1.0.0.001" />
        <delete dir="D:\work\repo\builder\tt\output\tbuild\candidates\devtoolsbranches\huaweiSandbox\tools\common.tools.sample\2015-09-25-0107.huawei\debug\plugins\docs.com.tibco.sample_1.0.0.001" />
    </target>

    <target name="-gather-bin-parts-docs.com.tibco.sample-release-extension" 
            unless="express-build" >
        <copy todir="D:\work\repo\builder\tt\output\tbuild\candidates\devtoolsbranches\huaweiSandbox\tools\common.tools.sample\2015-09-25-0107.huawei\release\eclipse\plugins" 
              file="D:\work\repo\builder\tt\output\tbuild\candidates\devtoolsbranches\huaweiSandbox\tools\common.tools.sample\2015-09-25-0107.huawei\jar\release\plugins\docs.com.tibco.sample_1.0.0.001.jar" />
    </target>

    <target name="-gather-bin-parts-docs.com.tibco.sample-debug-update" >
        <copy file="D:\work\repo\builder\tt\output\tbuild\candidates\devtoolsbranches\huaweiSandbox\tools\common.tools.sample\2015-09-25-0107.huawei\debug\plugins\docs.com.tibco.sample_1.0.0.001.jar" 
              tofile="D:\work\repo\builder\tt\output\tbuild\candidates\devtoolsbranches\huaweiSandbox\tools\common.tools.sample\2015-09-25-0107.huawei\jar\debug\plugins\docs.com.tibco.sample_1.0.0.001.jar" />
    </target>

    <target unless="express-build" 
            name="-gather-bin-parts-docs.com.tibco.sample-release-update" >
        <copy tofile="D:\work\repo\builder\tt\output\tbuild\candidates\devtoolsbranches\huaweiSandbox\tools\common.tools.sample\2015-09-25-0107.huawei\jar\release\plugins\docs.com.tibco.sample_1.0.0.001.jar" 
              file="D:\work\repo\builder\tt\output\tbuild\candidates\devtoolsbranches\huaweiSandbox\tools\common.tools.sample\2015-09-25-0107.huawei\jar\debug\plugins\docs.com.tibco.sample_1.0.0.001.jar" />
    </target>

    <target name="gather.bin.parts-*_*_*" 
            depends="-gather-bin-parts-docs.com.tibco.sample" />

    <target depends="-assemble-features-*_*_*, -copy-and-zip-feature, gather.bin.parts-*_*_*" 
            name="assemble-*_*_*" />

    <target depends="-make-output-directories,
	assemble-*_*_*,
	-copy-feature-to-local-site-release,
	-copy-feature-to-local-site-debug" 
            name="assemble" />

    <target name="clean" >
        <delete file="D:\work\repo\builder\git\tibco-repo\trunk\tools\sample\assemble.xml" />
        <delete >
            <fileset includes="build.xml, **/*.args" 
                     dir="D:\work\repo\builder\git\tibco-repo\trunk\tools\sample\plugins\docs.com.tibco.sample" />
        </delete>
    </target>

    <target name="-copy-feature-to-local-site-release" 
            unless="express-build" >
        <copy todir="D:\work\repo\builder\tt\output\tbuild\workspaceInstaller\local-builds-site\features" 
              file="D:\work\repo\builder\tt\output\tbuild\candidates\devtoolsbranches\huaweiSandbox\tools\common.tools.sample\2015-09-25-0107.huawei\jar\release\features\com.tibco.sample.feature.devdocs_1.1.0.001.jar" />
        <copy file="D:\work\repo\builder\tt\output\tbuild\candidates\devtoolsbranches\huaweiSandbox\tools\common.tools.sample\2015-09-25-0107.huawei\jar\release\plugins\docs.com.tibco.sample_1.0.0.001.jar" 
              todir="D:\work\repo\builder\tt\output\tbuild\workspaceInstaller\local-builds-site\plugins" />
    </target>

    <target name="-copy-feature-to-local-site-debug" >
        <copy file="D:\work\repo\builder\tt\output\tbuild\candidates\devtoolsbranches\huaweiSandbox\tools\common.tools.sample\2015-09-25-0107.huawei\jar\debug\features\com.tibco.sample.feature.devdocs_1.1.0.001.jar" 
              todir="D:\work\repo\builder\tt\output\tbuild\workspaceInstaller\local-builds-site-debug\features" />
        <copy file="D:\work\repo\builder\tt\output\tbuild\candidates\devtoolsbranches\huaweiSandbox\tools\common.tools.sample\2015-09-25-0107.huawei\jar\debug\plugins\docs.com.tibco.sample_1.0.0.001.jar" 
              todir="D:\work\repo\builder\tt\output\tbuild\workspaceInstaller\local-builds-site-debug\plugins" />
    </target>
</project>
