<?xml version='1.0' encoding='UTF-8'?>
<project name="com.tibco.sample.feature" 
         basedir="." 
         default="assemble" >
    <import file="D:\work\repo\builder\devtools\branches\huaweiSandbox\tools_trunk\sample\gather-sources.xml" />
    <import file="D:\work\repo\builder\devtools\branches\huaweiSandbox\tools_trunk\sample\obfuscation.xml" />
    <import file="D:\work\repo\builder\devtools\branches\huaweiSandbox\tools_trunk\sample\javadoc.xml" />

    <target name="-make-output-directories" >
        <mkdir dir="D:\work\repo\builder\tt\output\tbuild\candidates\devtools\branches\huaweiSandbox\tools\common.tools.sample\2015-09-18-1853.huawei\debug\features" />
        <mkdir dir="D:\work\repo\builder\tt\output\tbuild\candidates\devtools\branches\huaweiSandbox\tools\common.tools.sample\2015-09-18-1853.huawei\debug\plugins" />
        <echo file="D:\work\repo\builder\tt\output\tbuild\candidates\devtools\branches\huaweiSandbox\tools\common.tools.sample\2015-09-18-1853.huawei\debug\.eclipseextension" 
              append="false" />
        <mkdir dir="D:\work\repo\builder\tt\output\tbuild\candidates\devtools\branches\huaweiSandbox\tools\common.tools.sample\2015-09-18-1853.huawei\release\eclipse\features" />
        <mkdir dir="D:\work\repo\builder\tt\output\tbuild\candidates\devtools\branches\huaweiSandbox\tools\common.tools.sample\2015-09-18-1853.huawei\release\eclipse\plugins" />
        <echo append="false" 
              file="D:\work\repo\builder\tt\output\tbuild\candidates\devtools\branches\huaweiSandbox\tools\common.tools.sample\2015-09-18-1853.huawei\release\eclipse\.eclipseextension" />
        <mkdir dir="D:\work\repo\builder\tt\output\tbuild\candidates\devtools\branches\huaweiSandbox\tools\common.tools.sample\2015-09-18-1853.huawei\jar\debug\features" />
        <mkdir dir="D:\work\repo\builder\tt\output\tbuild\candidates\devtools\branches\huaweiSandbox\tools\common.tools.sample\2015-09-18-1853.huawei\jar\debug\plugins" />
        <mkdir dir="D:\work\repo\builder\tt\output\tbuild\candidates\devtools\branches\huaweiSandbox\tools\common.tools.sample\2015-09-18-1853.huawei\jar\release\features" />
        <mkdir dir="D:\work\repo\builder\tt\output\tbuild\candidates\devtools\branches\huaweiSandbox\tools\common.tools.sample\2015-09-18-1853.huawei\jar\release\plugins" />
    </target>

    <target name="-assemble-features-*_*_*" >
        <ant target="gather.bin.parts" 
             dir="features\com.tibco.sample.feature" 
             antfile="build.xml" >
            <property name="feature.base" 
                      location="D:\work\repo\builder\tt\output\tbuild\candidates\devtools\branches\huaweiSandbox\tools\common.tools.sample\2015-09-18-1853.huawei\debug" />
            <property value="*" 
                      name="os" />
            <property value="*" 
                      name="arch" />
            <property name="ws" 
                      value="*" />
        </ant>
        <zip basedir="D:\work\repo\builder\tt\output\tbuild\candidates\devtools\branches\huaweiSandbox\tools\common.tools.sample\2015-09-18-1853.huawei\debug\features\com.tibco.sample.feature_1.0.0.003" 
             destfile="D:\work\repo\builder\tt\output\tbuild\candidates\devtools\branches\huaweiSandbox\tools\common.tools.sample\2015-09-18-1853.huawei\jar\debug\features\com.tibco.sample.feature_1.0.0.003.jar" />
    </target>

    <target unless="express-build" 
            name="-copy-and-zip-feature" >
        <copy todir="D:\work\repo\builder\tt\output\tbuild\candidates\devtools\branches\huaweiSandbox\tools\common.tools.sample\2015-09-18-1853.huawei\release\eclipse\features\com.tibco.sample.feature_1.0.0.003" >
            <fileset dir="D:\work\repo\builder\tt\output\tbuild\candidates\devtools\branches\huaweiSandbox\tools\common.tools.sample\2015-09-18-1853.huawei\debug\features\com.tibco.sample.feature_1.0.0.003" />
        </copy>
        <zip destfile="D:\work\repo\builder\tt\output\tbuild\candidates\devtools\branches\huaweiSandbox\tools\common.tools.sample\2015-09-18-1853.huawei\jar\release\features\com.tibco.sample.feature_1.0.0.003.jar" 
             basedir="D:\work\repo\builder\tt\output\tbuild\candidates\devtools\branches\huaweiSandbox\tools\common.tools.sample\2015-09-18-1853.huawei\release\eclipse\features\com.tibco.sample.feature_1.0.0.003" />
    </target>

    <target name="-gather-bin-parts-com.tibco.sample.plugin" 
            depends="gather-sources-com.tibco.sample.plugin,
	-gather-bin-parts-com.tibco.sample.plugin-debug-extension,
	-gather-bin-parts-com.tibco.sample.plugin-debug-update,
	-gather-bin-parts-com.tibco.sample.plugin-release-update,
	-gather-bin-parts-com.tibco.sample.plugin-release-extension" />

    <target name="-gather-bin-parts-com.tibco.sample.plugin-debug-extension" >
        <ant target="gather.bin.parts" 
             antfile="build.xml" 
             dir="plugins\com.tibco.sample.plugin" >
            <property name="destination.temp.folder" 
                      location="D:\work\repo\builder\tt\output\tbuild\candidates\devtools\branches\huaweiSandbox\tools\common.tools.sample\2015-09-18-1853.huawei\debug\plugins" />
            <property name="os" 
                      value="*" />
            <property value="*" 
                      name="arch" />
            <property value="*" 
                      name="ws" />
        </ant>
        <zip basedir="D:\work\repo\builder\tt\output\tbuild\candidates\devtools\branches\huaweiSandbox\tools\common.tools.sample\2015-09-18-1853.huawei\debug\plugins\com.tibco.sample.plugin_1.0.0.002" 
             destfile="D:\work\repo\builder\tt\output\tbuild\candidates\devtools\branches\huaweiSandbox\tools\common.tools.sample\2015-09-18-1853.huawei\debug\plugins\com.tibco.sample.plugin_1.0.0.002.jar" />
        <delete dir="D:\work\repo\builder\tt\output\tbuild\candidates\devtools\branches\huaweiSandbox\tools\common.tools.sample\2015-09-18-1853.huawei\debug\plugins\com.tibco.sample.plugin_1.0.0.002" />
    </target>

    <target name="-gather-bin-parts-com.tibco.sample.plugin-release-extension" 
            unless="express-build" >
        <copy todir="D:\work\repo\builder\tt\output\tbuild\candidates\devtools\branches\huaweiSandbox\tools\common.tools.sample\2015-09-18-1853.huawei\release\eclipse\plugins" 
              file="D:\work\repo\builder\tt\output\tbuild\candidates\devtools\branches\huaweiSandbox\tools\common.tools.sample\2015-09-18-1853.huawei\jar\release\plugins\com.tibco.sample.plugin_1.0.0.002.jar" />
    </target>

    <target name="-gather-bin-parts-com.tibco.sample.plugin-debug-update" >
        <copy file="D:\work\repo\builder\tt\output\tbuild\candidates\devtools\branches\huaweiSandbox\tools\common.tools.sample\2015-09-18-1853.huawei\debug\plugins\com.tibco.sample.plugin_1.0.0.002.jar" 
              tofile="D:\work\repo\builder\tt\output\tbuild\candidates\devtools\branches\huaweiSandbox\tools\common.tools.sample\2015-09-18-1853.huawei\jar\debug\plugins\com.tibco.sample.plugin_1.0.0.002.jar" />
    </target>

    <target depends="-gather-bin-parts-com.tibco.sample.plugin-release-update-obfuscate" 
            name="-gather-bin-parts-com.tibco.sample.plugin-release-update" 
            unless="express-build" />

    <target name="gather.bin.parts-*_*_*" 
            depends="-gather-bin-parts-com.tibco.sample.plugin" />

    <target depends="-assemble-features-*_*_*, -copy-and-zip-feature, gather.bin.parts-*_*_*" 
            name="assemble-*_*_*" />

    <target name="assemble" 
            depends="-make-output-directories,
	assemble-*_*_*,
	-copy-feature-to-local-site-release,
	-copy-feature-to-local-site-debug,
	javadoc" />

    <target name="clean" >
        <delete file="D:\work\repo\builder\devtools\branches\huaweiSandbox\tools_trunk\sample\assemble.xml" />
        <delete file="D:\work\repo\builder\devtools\branches\huaweiSandbox\tools_trunk\sample\gather-sources.xml" />
        <delete file="D:\work\repo\builder\devtools\branches\huaweiSandbox\tools_trunk\sample\obfuscation.xml" />
        <delete file="D:\work\repo\builder\devtools\branches\huaweiSandbox\tools_trunk\sample\javadoc.xml" />
        <delete >
            <fileset dir="D:\work\repo\builder\devtools\branches\huaweiSandbox\tools_trunk\sample\plugins\com.tibco.sample.plugin" 
                     includes="build.xml, **/*.args" />
        </delete>
    </target>

    <target name="-copy-feature-to-local-site-release" 
            unless="express-build" >
        <copy todir="D:\work\repo\builder\tt\output\tbuild\workspaceInstaller\local-builds-site\features" 
              file="D:\work\repo\builder\tt\output\tbuild\candidates\devtools\branches\huaweiSandbox\tools\common.tools.sample\2015-09-18-1853.huawei\jar\release\features\com.tibco.sample.feature_1.0.0.003.jar" />
        <copy todir="D:\work\repo\builder\tt\output\tbuild\workspaceInstaller\local-builds-site\plugins" 
              file="D:\work\repo\builder\tt\output\tbuild\candidates\devtools\branches\huaweiSandbox\tools\common.tools.sample\2015-09-18-1853.huawei\jar\release\plugins\com.tibco.sample.plugin_1.0.0.002.jar" />
    </target>

    <target name="-copy-feature-to-local-site-debug" >
        <copy file="D:\work\repo\builder\tt\output\tbuild\candidates\devtools\branches\huaweiSandbox\tools\common.tools.sample\2015-09-18-1853.huawei\jar\debug\features\com.tibco.sample.feature_1.0.0.003.jar" 
              todir="D:\work\repo\builder\tt\output\tbuild\workspaceInstaller\local-builds-site-debug\features" />
        <copy todir="D:\work\repo\builder\tt\output\tbuild\workspaceInstaller\local-builds-site-debug\plugins" 
              file="D:\work\repo\builder\tt\output\tbuild\candidates\devtools\branches\huaweiSandbox\tools\common.tools.sample\2015-09-18-1853.huawei\jar\debug\plugins\com.tibco.sample.plugin_1.0.0.002.jar" />
    </target>
</project>
